"Symbol","Name","LastSale","MarketCap","ADR TSO","IPOyear","Sector","industry","Summary Quote",
"FAX","Aberdeen Asia-Pacific Income Fund Inc","6.07","1623166122.96","n/a","1986","n/a","n/a","http://www.nasdaq.com/symbol/fax",
"IAF","Aberdeen Australia Equity Fund Inc","9.96","224838245.16","n/a","1985","n/a","n/a","http://www.nasdaq.com/symbol/iaf",
"CH","Aberdeen Chile Fund, Inc.","14.1","132349607.7","n/a","n/a","n/a","n/a","http://www.nasdaq.com/symbol/ch",
"ETF","Aberdeen Emerging Markets Smaller Company Opportunities Fund I","19.33","159408034.45","n/a","1992","n/a","n/a","http://www.nasdaq.com/symbol/etf",
"FCO","Aberdeen Global Income Fund, Inc.","10.47","98461450.5","n/a","1992","n/a","n/a","http://www.nasdaq.com/symbol/fco",
"IF","Aberdeen Indonesia Fund, Inc.","10.72","101681847.84","n/a","1990","n/a","n/a","http://www.nasdaq.com/symbol/if",
"ISL","Aberdeen Israel Fund, Inc.","15.375","65531171.25","n/a","1992","n/a","n/a","http://www.nasdaq.com/symbol/isl",
"ACU","Acme United Corporation.","13.9308","44296837.4316","n/a","1988","Capital Goods","Industrial Machinery/Components","http://www.nasdaq.com/symbol/acu",
"AE","Adams Resources & Energy, Inc.","64.45","271824062.2","n/a","n/a","Energy","Oil Refining/Marketing","http://www.nasdaq.com/symbol/ae",
"ADK","Adcare Health Systems Inc","4.25","63195370.75","n/a","n/a","Health Care","Hospital/Nursing Management","http://www.nasdaq.com/symbol/adk",
"ADK^A","Adcare Health Systems Inc","27.15","0","n/a","n/a","n/a","n/a","http://www.nasdaq.com/symbol/adk^a",
"API","Advanced Photonix, Inc.","0.635","19810442.345","n/a","n/a","Technology","Semiconductors","http://www.nasdaq.com/symbol/api",
"ACY","AeroCentury Corp.","20.74","32007150.18","n/a","n/a","Technology","Diversified Commercial Services","http://www.nasdaq.com/symbol/acy",
"AIRI","Air Industries Group, Inc.","6.13","35009000.09","n/a","n/a","Capital Goods","Military/Government/Technical","http://www.nasdaq.com/symbol/airi",
"AA^","Alcoa Inc.","87.009","0","n/a","n/a","Capital Goods","Metal Fabrications","http://www.nasdaq.com/symbol/aa^",
"AXX","Alderon Iron Ore Corp.","1.31","170488858.77","n/a","n/a","Basic Industries","Precious Metals","http://www.nasdaq.com/symbol/axx",
"AXU","Alexco Resource Corp","1.48","92609369.04","n/a","n/a","Basic Industries","Precious Metals","http://www.nasdaq.com/symbol/axu",
"ANV","Allied Nevada Gold Corp.","4.28","444866067.6","n/a","n/a","Basic Industries","Precious Metals","http://www.nasdaq.com/symbol/anv",
"AAU","Almaden Minerals, Ltd.","1.89","121892376.69","n/a","n/a","Basic Industries","Precious Metals","http://www.nasdaq.com/symbol/aau",
"APT","Alpha Pro Tech, Ltd.","1.55","29621930.65","n/a","n/a","Health Care","Industrial Specialties","http://www.nasdaq.com/symbol/apt",
"ALTV","Alteva (D/B/A)","7.95","48860747.7","n/a","n/a","Public Utilities","Telecommunications Equipment","http://www.nasdaq.com/symbol/altv",
"DIT","AMCON Distributing Company","81.67","50889802.05","n/a","n/a","Consumer Non-Durables","Food Distributors","http://www.nasdaq.com/symbol/dit",
"APP","American Apparel Inc","1.67","184277013.39","n/a","1994","Finance","Business Services","http://www.nasdaq.com/symbol/app",
"ADGE","American DG Energy Inc.","1.71","83460303.45","n/a","n/a","Energy","Electric Utilities: Central","http://www.nasdaq.com/symbol/adge",
"ALN","American Lorain Corporation","0.8373","28984574.6322","n/a","n/a","Consumer Non-Durables","Packaged Foods","http://www.nasdaq.com/symbol/aln",
"AMS","American Shared Hospital Services","2.88","13273545.6","n/a","n/a","Health Care","Medical Specialities","http://www.nasdaq.com/symbol/ams",
"AQQ","American Spectrum Realty, Inc.","2.28","8110764.84","n/a","n/a","Consumer Services","Real Estate Investment Trusts","http://www.nasdaq.com/symbol/aqq",
"AMPE","Ampio Pharmaceuticals, Inc.","6.14","227808895.64","n/a","n/a","Health Care","Major Pharmaceuticals","http://www.nasdaq.com/symbol/ampe",
"AXN","Aoxing Pharmaceutical Company, Inc.","0.2299","11452427.5778","n/a","n/a","Health Care","Major Pharmaceuticals","http://www.nasdaq.com/symbol/axn",
"AGX","Argan, Inc.","15.34","214366176.18","n/a","n/a","Basic Industries","Engineering & Construction","http://www.nasdaq.com/symbol/agx",
"AMCO","Armco Metals Holdings, Inc.","0.38","9078404.44","n/a","n/a","n/a","n/a","http://www.nasdaq.com/symbol/amco",
"ARR/WS","ARMOUR Residential REIT, Inc.","0.005","0","n/a","n/a","n/a","n/a","http://www.nasdaq.com/symbol/arr/ws",
"HRT","Arrhythmia Research Technology Inc.","2.57","6949894.23","n/a","n/a","Health Care","Biotechnology: Electromedical & Electrotherapeutic Apparatus","http://www.nasdaq.com/symbol/hrt",
"AKG","Asanko Gold Inc.","2.98","253402327.24","n/a","n/a","Basic Industries","Mining & Quarrying of Nonmetallic Minerals (No Fuels)","http://www.nasdaq.com/symbol/akg",
"ATL","Atlatsa Resources Corporation","0.32","64604311.36","n/a","1986","Basic Industries","Precious Metals","http://www.nasdaq.com/symbol/atl",
"AZC","Augusta Resource Corporation","2.12","306026371.44","n/a","n/a","Basic Industries","Precious Metals","http://www.nasdaq.com/symbol/azc",
"AWX","Avalon Holdings Corporation","4","15213324","n/a","n/a","Public Utilities","Environmental Services","http://www.nasdaq.com/symbol/awx",
"AVL","Avalon Rare Metals, Inc.","0.87","90303377.82","n/a","1980","Basic Industries","Precious Metals","http://www.nasdaq.com/symbol/avl",
"ASM","Avino Silver","1.27","34841096.18","n/a","1992","Basic Industries","Precious Metals","http://www.nasdaq.com/symbol/asm",
"BTG","B2Gold Corp","2.86","1861491872.24","n/a","n/a","Basic Industries","Precious Metals","http://www.nasdaq.com/symbol/btg",
"BONE","Bacterin International Holdings, Inc.","0.6","30820187.4","n/a","n/a","Health Care","Biotechnology: Biological Products (No Diagnostic Substances)","http://www.nasdaq.com/symbol/bone",
"BTN","Ballantyne Strong, Inc","4.13","58391166.61","n/a","1995","Miscellaneous","Industrial Machinery/Components","http://www.nasdaq.com/symbol/btn",
"BKJ","Bancorp of New Jersey, Inc","14.5501","77337651.8266","n/a","n/a","Finance","Major Banks","http://www.nasdaq.com/symbol/bkj",
"BCV","Bancroft Fund Limited","17.62","94703183.1","n/a","n/a","n/a","n/a","http://www.nasdaq.com/symbol/bcv",
"BAA","BANRO CORPORATION","0.97","244537651.84","n/a","n/a","Basic Industries","Precious Metals","http://www.nasdaq.com/symbol/baa",
"BHB","Bar Harbor Bankshares, Inc.","36.09","142068429.36","n/a","n/a","Finance","Major Banks","http://www.nasdaq.com/symbol/bhb",
"BRN","Barnwell Industries, Inc.","3.26","26983541.6","n/a","n/a","Energy","Oil & Gas Production","http://www.nasdaq.com/symbol/brn",
"BXE","Bellatrix Exploration Ltd","6.69","722049432.09","n/a","n/a","Energy","Oil & Gas Production","http://www.nasdaq.com/symbol/bxe",
"BIR^A","Berkshire Income Realty, Inc.","26.6773","0","n/a","n/a","n/a","n/a","http://www.nasdaq.com/symbol/bir^a",
"BTX","BioTime, Inc.","3.65","211474503","n/a","n/a","Health Care","Biotechnology: Biological Products (No Diagnostic Substances)","http://www.nasdaq.com/symbol/btx",
"BMJ","Birks & Mayors Inc.","2","14351282","n/a","n/a","Consumer Services","Consumer Specialties","http://www.nasdaq.com/symbol/bmj",
"BQY","BlackRock Dividend Income Trust","12.14","73240959.92","n/a","2004","n/a","n/a","http://www.nasdaq.com/symbol/bqy",
"BZM","BlackRock Maryland Municipal Bond Trust","12.7108","14752748188.7572","n/a","2002","n/a","n/a","http://www.nasdaq.com/symbol/bzm",
"MHE","BlackRock Massachusetts Tax-Exempt Trust","11.6","13463501824.4","n/a","1993","n/a","n/a","http://www.nasdaq.com/symbol/mhe",
"BLE","BlackRock Municipal Income Trust II","13.08","306405396.12","n/a","2002","n/a","n/a","http://www.nasdaq.com/symbol/ble",
"BLJ","Blackrock New Jersey Municipal Bond Trust","13.12","15227684822.08","n/a","2002","n/a","n/a","http://www.nasdaq.com/symbol/blj",
"BFY","BlackRock New York Municipal Income Trust II","12.4056","61975611.1512","n/a","2002","n/a","n/a","http://www.nasdaq.com/symbol/bfy",
"BPS","BlackRock Pennsylvania Strategic Municipal Trust (The)","11.29","22942578.35","n/a","1994","n/a","n/a","http://www.nasdaq.com/symbol/bps",
"BHV","BlackRock Virginia Municipal Bond Trust","14.35","16655280274.15","n/a","2002","n/a","n/a","http://www.nasdaq.com/symbol/bhv",
"BDR","Blonder Tongue Laboratories, Inc.","0.8701","5408155.2756","n/a","1995","Technology","Radio And Television Broadcasting And Communications Equipment","http://www.nasdaq.com/symbol/bdr",
"BVX","Bovie Medical Corporation","2.9101","51847319.3936","n/a","n/a","Health Care","Medical/Dental Instruments","http://www.nasdaq.com/symbol/bvx",
"BWL/A","Bowl America, Inc.","14.25","0","n/a","n/a","Consumer Services","Services-Misc. Amusement & Recreation","http://www.nasdaq.com/symbol/bwl/a",
"BZC","Breeze-Eastern Corporation","8.79","84768439.44","n/a","n/a","Capital Goods","Military/Government/Technical","http://www.nasdaq.com/symbol/bzc",
"BRD","Brigus Gold Corp","0.572","132642180.528","n/a","n/a","Basic Industries","Precious Metals","http://www.nasdaq.com/symbol/brd",
"BTI","British American Tobacco p.l.c.","106.26","101201787465.24","n/a","n/a","Consumer Non-Durables","Farming/Seeds/Milling","http://www.nasdaq.com/symbol/bti",
"CAK","CAMAC Energy Inc.","0.7004","109868224.988","n/a","n/a","Energy","Oil & Gas Production","http://www.nasdaq.com/symbol/cak",
"CDY","Cardero Resource Corporation","0.17","18863888.16","n/a","n/a","Basic Industries","Precious Metals","http://www.nasdaq.com/symbol/cdy",
"CXM","Cardium Therapeutics, Inc.","0.7101","5193292.9167","n/a","n/a","Health Care","Biotechnology: Biological Products (No Diagnostic Substances)","http://www.nasdaq.com/symbol/cxm",
"ROX","Castle Brands, Inc.","0.42","46125460.92","n/a","2006","Consumer Non-Durables","Beverages (Production/Distribution)","http://www.nasdaq.com/symbol/rox",
"CAW","CCA Industries, Inc.","3.49","24620002.58","n/a","n/a","Consumer Non-Durables","Package Goods/Cosmetics","http://www.nasdaq.com/symbol/caw",
"CVM","Cel-Sci Corporation","0.2135","66164775.572","n/a","n/a","Health Care","Biotechnology: Biological Products (No Diagnostic Substances)","http://www.nasdaq.com/symbol/cvm",
"CEF","Central Fund of Canada Limited","15.87","4037847155.31","n/a","n/a","n/a","n/a","http://www.nasdaq.com/symbol/cef",
"GTU","Central Gold Trust","48.7","939861300","n/a","n/a","n/a","n/a","http://www.nasdaq.com/symbol/gtu",
"CET","Central Securities Corporation","22.49","520730131.48","n/a","n/a","n/a","n/a","http://www.nasdaq.com/symbol/cet",
"CCF","Chase Corporation","27.52","249939309.44","n/a","n/a","Consumer Durables","Building Products","http://www.nasdaq.com/symbol/ccf",
"CQP","Cheniere Energy Partners, LP","27.3","9221831154.9","n/a","2007","Public Utilities","Oil/Gas Transmission","http://www.nasdaq.com/symbol/cqp",
"LNG","Cheniere Energy, Inc.","27.4","6548666801.2","n/a","n/a","Public Utilities","Oil/Gas Transmission","http://www.nasdaq.com/symbol/lng",
"CVR","Chicago Rivet & Machine Co.","26.48","25583175.36","n/a","n/a","Technology","Industrial Machinery/Components","http://www.nasdaq.com/symbol/cvr",
"CHGS","China GengSheng Minerals, Inc.","0.1405","3765827.682","n/a","n/a","Consumer Durables","Miscellaneous manufacturing industries","http://www.nasdaq.com/symbol/chgs",
"CMFO","China Marine Food Group Limited","0.5342","15878013.7792","n/a","n/a","Consumer Non-Durables","Packaged Foods","http://www.nasdaq.com/symbol/cmfo",
"CNR","China Metro-Rural Holdings Limited","1.1201","82376390.2182","n/a","n/a","Finance","Real Estate","http://www.nasdaq.com/symbol/cnr",
"CPHI","China Pharma Holdings, Inc.","0.2001","8720269.3557","n/a","n/a","Health Care","Major Pharmaceuticals","http://www.nasdaq.com/symbol/cphi",
"CKX","CKX Lands, Inc.","14.19","27564004.05","n/a","n/a","Energy","Oil & Gas Production","http://www.nasdaq.com/symbol/ckx",
"CGR","Claude Resources, Inc.","0.27","47469071.52","n/a","n/a","Basic Industries","Precious Metals","http://www.nasdaq.com/symbol/cgr",
"GLV","Clough Global Allocation Fund","14.44","150675710.64","n/a","2004","n/a","n/a","http://www.nasdaq.com/symbol/glv",
"GLQ","Clough Global Equity Fund","14.26","254408453.3","n/a","2005","n/a","n/a","http://www.nasdaq.com/symbol/glq",
"GLO","Clough Global Opportunities Fund","12.22","632224416.98","n/a","1988","n/a","n/a","http://www.nasdaq.com/symbol/glo",
"CRV","Coast Distribution System, Inc. (The)","3.4836","17718404.7624","n/a","n/a","Capital Goods","Automotive Aftermarket","http://www.nasdaq.com/symbol/crv",
"MOC","Command Security Corporation","1.4049","12775595.8302","n/a","n/a","Consumer Services","Diversified Commercial Services","http://www.nasdaq.com/symbol/moc",
"CIX","CompX International Inc.","13.88","172071845.16","n/a","1998","Capital Goods","Industrial Machinery/Components","http://www.nasdaq.com/symbol/cix",
"LODE","Comstock Mining, Inc.","2.23","141564612.47","n/a","n/a","Basic Industries","Precious Metals","http://www.nasdaq.com/symbol/lode",
"CTO","Consolidated-Tomoka Land Co.","36.13","211879290.67","n/a","n/a","Finance","Real Estate","http://www.nasdaq.com/symbol/cto",
"CEP","Constellation Energy Partners, LLC","2.18","63109354.1","n/a","n/a","Energy","Oil & Gas Production","http://www.nasdaq.com/symbol/cep",
"MCF","Contango Oil & Gas Company","38.4","583486156.8","n/a","1990","Energy","Oil & Gas Production","http://www.nasdaq.com/symbol/mcf",
"CUO","Continental Materials Corporation","16.03","26272512.77","n/a","n/a","Capital Goods","Building Materials","http://www.nasdaq.com/symbol/cuo",
"CMT","Core Molding Technologies Inc","9.39","68878814.43","n/a","1992","Consumer Non-Durables","Plastic Products","http://www.nasdaq.com/symbol/cmt",
"CRMD","CorMedix Inc","0.95","13636835.8","n/a","n/a","Health Care","Major Pharmaceuticals","http://www.nasdaq.com/symbol/crmd",
"CRMD/WS","CorMedix Inc","0.07","0","n/a","n/a","n/a","n/a","http://www.nasdaq.com/symbol/crmd/ws",
"CFP","Cornerstone Progressive Return Fund","5.03","126452972.68","n/a","n/a","n/a","n/a","http://www.nasdaq.com/symbol/cfp",
"CRF","Cornerstone Strategic Return Fund, Inc. (The)","6.69","67791368.91","n/a","1994","n/a","n/a","http://www.nasdaq.com/symbol/crf",
"CLM","Cornerstone Strategic Value Fund, Inc.","7.139","132831589.33","n/a","1987","n/a","n/a","http://www.nasdaq.com/symbol/clm",
"COVR","Cover-All Technologies Inc.","1.14","30004465.98","n/a","n/a","Technology","Computer Software: Prepackaged Software","http://www.nasdaq.com/symbol/covr",
"CVU","CPI Aerostructures, Inc.","11.09","93066769.86","n/a","n/a","Capital Goods","Military/Government/Technical","http://www.nasdaq.com/symbol/cvu",
"CIK","Credit Suisse Asset Management Income Fund, Inc.","3.55","181125696.65","n/a","n/a","n/a","n/a","http://www.nasdaq.com/symbol/cik",
"DHY","Credit Suisse High Yield Bond Fund","3.02","293402588.5","n/a","1998","n/a","n/a","http://www.nasdaq.com/symbol/dhy",
"EXE","Crexendo, Inc.","3.05","32665207.2","n/a","n/a","Technology","EDP Services","http://www.nasdaq.com/symbol/exe",
"CRVP","Crystal Rock Holdings, Inc.","0.85","18163574.35","n/a","n/a","Consumer Non-Durables","Food Distributors","http://www.nasdaq.com/symbol/crvp",
"CTP","CTPartners Executive Search Inc.","4.36","30768585.4","n/a","2010","Technology","Diversified Commercial Services","http://www.nasdaq.com/symbol/ctp",
"DXR","Daxor Corporation","7.2001","29660538.3462","n/a","n/a","Health Care","Medical/Dental Instruments","http://www.nasdaq.com/symbol/dxr",
"DEJ","Dejour Energy Inc.","0.1999","29768383.1626","n/a","n/a","Energy","Oil & Gas Production","http://www.nasdaq.com/symbol/dej",
"VCF","Delaware Investments Colorado Municipal Income Fund, Inc","12.35","59738185","n/a","1993","n/a","n/a","http://www.nasdaq.com/symbol/vcf",
"VFL","Delaware Investments Florida Insured Municipal Income Fund","11.36","51443112.48","n/a","1993","n/a","n/a","http://www.nasdaq.com/symbol/vfl",
"VMM","Delaware Investments Minnesota Municipal Income Fund II, Inc.","12.53","144157336.75","n/a","1993","n/a","n/a","http://www.nasdaq.com/symbol/vmm",
"DLA","Delta Apparel, Inc.","15.84","128664645.12","n/a","n/a","Consumer Non-Durables","Apparel","http://www.nasdaq.com/symbol/dla",
"DNN","Denison Mine Corp","1.18","530804920.04","n/a","n/a","Basic Industries","Precious Metals","http://www.nasdaq.com/symbol/dnn",
"DGSE","DGSE Companies, Inc.","2.56","31169495.04","n/a","n/a","Consumer Services","Consumer Specialties","http://www.nasdaq.com/symbol/dgse",
"DPW","Digital Power Corporation","0.65","4461047.5","n/a","n/a","Capital Goods","Industrial Machinery/Components","http://www.nasdaq.com/symbol/dpw",
"DSS","Document Security Systems, Inc.","1.52","69855422.8","n/a","n/a","Technology","EDP Services","http://www.nasdaq.com/symbol/dss",
"DMF","Dreyfus Municipal Income, Inc.","8.14","168542875.82","n/a","1988","n/a","n/a","http://www.nasdaq.com/symbol/dmf",
"GRF","Eagle Capital Growth Fund, Inc.","8.05","25157248.2","n/a","n/a","n/a","n/a","http://www.nasdaq.com/symbol/grf",
"ESTE","Earthstone Energy, Inc.","15.8","27369550","n/a","n/a","Energy","Oil & Gas Production","http://www.nasdaq.com/symbol/este",
"EVM","Eaton Vance California Municipal Bond Fund","9.71","211252566.06","n/a","2002","n/a","n/a","http://www.nasdaq.com/symbol/evm",
"EIA","Eaton Vance California Municipal Bond Fund II","10.39","40367539.7","n/a","2002","n/a","n/a","http://www.nasdaq.com/symbol/eia",
"CEV","Eaton Vance California Municipal Income Trust","11.15","80960986.25","n/a","1999","n/a","n/a","http://www.nasdaq.com/symbol/cev",
"EVV","Eaton Vance Limited Duration Income Fund","14.5","1703861128","n/a","2003","n/a","n/a","http://www.nasdaq.com/symbol/evv",
"MAB","Eaton Vance Massachusetts Municipal Bond Fund","12.03","21275223.42","n/a","2002","n/a","n/a","http://www.nasdaq.com/symbol/mab",
"MMV","Eaton Vance Massachusetts Municipal Income Trust","12.25","33693882.25","n/a","1999","n/a","n/a","http://www.nasdaq.com/symbol/mmv",
"MIW","Eaton Vance Michigan Municipal Bond Fund","11.15","16881824.75","n/a","2002","n/a","n/a","http://www.nasdaq.com/symbol/miw",
"EMI","Eaton Vance Michigan Municipal Income Trust","10.86","22982952.84","n/a","1999","n/a","n/a","http://www.nasdaq.com/symbol/emi",
"EIM","Eaton Vance Municipal Bond Fund","10.71","730081957.5","n/a","2002","n/a","n/a","http://www.nasdaq.com/symbol/eim",
"EIV","Eaton Vance Municipal Bond Fund II","10.22","102336753.82","n/a","2002","n/a","n/a","http://www.nasdaq.com/symbol/eiv",
"EMJ","Eaton Vance New Jersey Municipal Bond Fund","11.41","29767663.1","n/a","2002","n/a","n/a","http://www.nasdaq.com/symbol/emj",
"EVJ","Eaton Vance New Jersey Municipal Income Trust","11.46","53623150.68","n/a","1999","n/a","n/a","http://www.nasdaq.com/symbol/evj",
"ENX","Eaton Vance New York Municipal Bond Fund","10.89","173113810.65","n/a","2002","n/a","n/a","http://www.nasdaq.com/symbol/enx",
"NYH","Eaton Vance New York Municipal Bond Fund II","10.8664","27893407.6824","n/a","2002","n/a","n/a","http://www.nasdaq.com/symbol/nyh",
"EVY","Eaton Vance New York Municipal Income Trust","11.67","63889002.12","n/a","1999","n/a","n/a","http://www.nasdaq.com/symbol/evy",
"EIO","Eaton Vance Ohio Municipal Bond Fund","10.81","27419651.48","n/a","2002","n/a","n/a","http://www.nasdaq.com/symbol/eio",
"EVO","Eaton Vance Ohio Municipal Income Trust","11.8244","33784167.2308","n/a","1999","n/a","n/a","http://www.nasdaq.com/symbol/evo",
"EIP","Eaton Vance Pennsylvania Municipal Bond Fund","10.878","32196258.402","n/a","2002","n/a","n/a","http://www.nasdaq.com/symbol/eip",
"EVP","Eaton Vance Pennsylvania Municipal Income Trust","10.9","29652512.6","n/a","1999","n/a","n/a","http://www.nasdaq.com/symbol/evp",
"ELMD","Electromed, Inc.","1.0564","8571895.8128","n/a","2010","Health Care","Biotechnology: Electromedical & Electrotherapeutic Apparatus","http://www.nasdaq.com/symbol/elmd",
"ETAK","Elephant Talk Communications Corp.","0.755","102648798.87","n/a","n/a","Public Utilities","Telecommunications Equipment","http://www.nasdaq.com/symbol/etak",
"ELLO","Ellomay Capital Ltd.","8.55","91419772.05","n/a","n/a","Public Utilities","Electric Utilities: Central","http://www.nasdaq.com/symbol/ello",
"ECF","Ellsworth Convertible Growth and Income Fund, Inc.","7.63","103065139.66","n/a","1986","n/a","n/a","http://www.nasdaq.com/symbol/ecf",
"EMAN","eMagin Corporation","2.84","67775441.28","n/a","n/a","Technology","Semiconductors","http://www.nasdaq.com/symbol/eman",
"EOX","Emerald Oil, Inc.","6.52","276827842.16","n/a","n/a","Energy","Oil & Gas Production","http://www.nasdaq.com/symbol/eox",
"MSN","Emerson Radio Corporation","1.68","45578117.76","n/a","n/a","Consumer Non-Durables","Consumer Electronics/Appliances","http://www.nasdaq.com/symbol/msn",
"EGI","Entree Gold Inc","0.31","45487659.35","n/a","n/a","Basic Industries","Precious Metals","http://www.nasdaq.com/symbol/egi",
"EVI","EnviroStarm, Inc.","1.74","12238693.68","n/a","n/a","Consumer Services","Other Consumer Services","http://www.nasdaq.com/symbol/evi",
"ERB","ERBA Diagnostics, Inc.","0.83","36236323.43","n/a","1983","Health Care","Major Pharmaceuticals","http://www.nasdaq.com/symbol/erb",
"ESP","Espey Mfg. & Electronics Corp.","27.25","63892802.5","n/a","n/a","Capital Goods","Industrial Machinery/Components","http://www.nasdaq.com/symbol/esp",
"ETUA","eUnits 2 Year U.S. Market Participation Trust","11.3","29700795.7","n/a","n/a","n/a","n/a","http://www.nasdaq.com/symbol/etua",
"ETUB","eUnits 2 Year U.S. Market Participation Trust","11.21","0","n/a","n/a","n/a","n/a","http://www.nasdaq.com/symbol/etub",
"EMXX","Eurasian Minerals Inc.","1.35","97835904","n/a","n/a","Basic Industries","Precious Metals","http://www.nasdaq.com/symbol/emxx",
"EVBN","Evans Bancorp, Inc.","18.85","79143534.6","n/a","n/a","Finance","Major Banks","http://www.nasdaq.com/symbol/evbn",
"EVK","Ever-Glory International Group, Inc.","2.94","43446173.4","n/a","n/a","Consumer Non-Durables","Apparel","http://www.nasdaq.com/symbol/evk",
"EPM","Evolution Petroleum Corporation, Inc.","11.4","326268467.4","n/a","n/a","Energy","Oil & Gas Production","http://www.nasdaq.com/symbol/epm",
"EPM^A","Evolution Petroleum Corporation, Inc.","26.55","0","n/a","n/a","n/a","n/a","http://www.nasdaq.com/symbol/epm^a",
"XRA","Exeter Resource Corporation","0.97","85755520.41","n/a","n/a","Basic Industries","Mining & Quarrying of Nonmetallic Minerals (No Fuels)","http://www.nasdaq.com/symbol/xra",
"FU","FAB Universal Corp.","4.59","95498897.4","n/a","n/a","Technology","Computer Software: Prepackaged Software","http://www.nasdaq.com/symbol/fu",
"FCSC","Fibrocell Science Inc","5.4","148610818.8","n/a","n/a","Health Care","Major Pharmaceuticals","http://www.nasdaq.com/symbol/fcsc",
"FPP","FieldPoint Petroleum Corporation","4.55","36701828.8","n/a","n/a","Energy","Oil & Gas Production","http://www.nasdaq.com/symbol/fpp",
"FPP/WS","FieldPoint Petroleum Corporation","0.8","0","n/a","n/a","n/a","n/a","http://www.nasdaq.com/symbol/fpp/ws",
"MXN","First American Minnesota Municipal Income Fund II, Inc.","13.8884","20450752.3304","n/a","2002","n/a","n/a","http://www.nasdaq.com/symbol/mxn",
"FEN","First Trust Energy Income and Growth Fund","31.2","516042664.8","n/a","2004","n/a","n/a","http://www.nasdaq.com/symbol/fen",
"FWV","First West Virginia Bancorp, Inc.","16.5","28524045","n/a","n/a","Finance","Major Banks","http://www.nasdaq.com/symbol/fwv",
"BDL","Flanigan&#39;s Enterprises, Inc.","9.8201","18259955.4847","n/a","n/a","Consumer Services","Restaurants","http://www.nasdaq.com/symbol/bdl",
"FSI","Flexible Solutions International Inc.","1.09","14355290.19","n/a","1998","Basic Industries","Major Chemicals","http://www.nasdaq.com/symbol/fsi",
"FSP","Franklin Street Properties Corp.","11.96","1198241363.8","n/a","n/a","Consumer Services","Real Estate Investment Trusts","http://www.nasdaq.com/symbol/fsp",
"FTF","Franklin Templeton Limited Duration Income Trust","12.42","333253837.44","n/a","2003","n/a","n/a","http://www.nasdaq.com/symbol/ftf",
"FRD","Friedman Industries Inc.","9.81","66702545.64","n/a","1972","Capital Goods","Steel/Iron Ore","http://www.nasdaq.com/symbol/frd",
"FRS","Frisch&#39;s Restaurants, Inc.","20.01","101630149.68","n/a","n/a","Consumer Services","Restaurants","http://www.nasdaq.com/symbol/frs",
"GGN","GAMCO Global Gold, Natural Reources & Income Trust by Gabelli","10.83","1096160031.18","n/a","2005","n/a","n/a","http://www.nasdaq.com/symbol/ggn",
"GGN^B","GAMCO Global Gold, Natural Reources & Income Trust by Gabelli","20.1","0","n/a","n/a","n/a","n/a","http://www.nasdaq.com/symbol/ggn^b",
"EGAS","Gas Natural Inc.","10.22","105998549.16","n/a","n/a","Public Utilities","Oil/Gas Transmission","http://www.nasdaq.com/symbol/egas",
"GST","Gastar Exploration","2.83","174307793.8","n/a","n/a","Energy","Oil & Gas Production","http://www.nasdaq.com/symbol/gst",
"GST^A","Gastar Exploration","23.55","0","n/a","n/a","n/a","n/a","http://www.nasdaq.com/symbol/gst^a",
"JOB","General Employment Enterprises, Inc.","0.2651","5752583.8425","n/a","n/a","Technology","Diversified Commercial Services","http://www.nasdaq.com/symbol/job",
"GMO","General Moly, Inc","1.79","162788413.92","n/a","n/a","Basic Industries","Precious Metals","http://www.nasdaq.com/symbol/gmo",
"GPR","GeoPetro Resources Co","0.0439","2278018.1486","n/a","n/a","Energy","Oil & Gas Production","http://www.nasdaq.com/symbol/gpr",
"GIG","GigOptix, Inc.","1.221","27264634.518","n/a","n/a","Technology","Semiconductors","http://www.nasdaq.com/symbol/gig",
"GTT","Global Telecom","4.2","96223789.2","n/a","n/a","Public Utilities","Telecommunications Equipment","http://www.nasdaq.com/symbol/gtt",
"GSB","GlobalSCAPE, Inc.","1.5548","29175380.4368","n/a","n/a","Technology","Computer Software: Prepackaged Software","http://www.nasdaq.com/symbol/gsb",
"GLOW","Glowpoint, Inc.","1.3999","40327407.8651","n/a","n/a","Public Utilities","Telecommunications Equipment","http://www.nasdaq.com/symbol/glow",
"GORO","Gold Resource Corporation","8.25","439554794.25","n/a","n/a","Basic Industries","Precious Metals","http://www.nasdaq.com/symbol/goro",
"GSV","Gold Standard Ventures Corporation","0.62","55535928.36","n/a","n/a","Basic Industries","Mining & Quarrying of Nonmetallic Minerals (No Fuels)","http://www.nasdaq.com/symbol/gsv",
"AUMN","Golden Minerals Company","1.5","73601661","n/a","n/a","Basic Industries","Precious Metals","http://www.nasdaq.com/symbol/aumn",
"GSS","Golden Star Resources, Ltd","0.6761","175181546.317","n/a","n/a","Basic Industries","Precious Metals","http://www.nasdaq.com/symbol/gss",
"GV","Goldfield Corporation (The)","1.54","39195085.16","n/a","n/a","Basic Industries","Water Supply","http://www.nasdaq.com/symbol/gv",
"GRC","Gorman-Rupp Company (The)","34.77","730270589.61","n/a","n/a","Capital Goods","Fluid Controls","http://www.nasdaq.com/symbol/grc",
"GHM","Graham Corporation","33.65","337640903.25","n/a","n/a","Technology","Industrial Machinery/Components","http://www.nasdaq.com/symbol/ghm",
"GTE","Gran Tierra Energy Inc.","6.4","1739184537.6","n/a","n/a","Energy","Oil & Gas Production","http://www.nasdaq.com/symbol/gte",
"GPL","Great Panther Silver Limited","1.15","158809309.8","n/a","n/a","Basic Industries","Precious Metals","http://www.nasdaq.com/symbol/gpl",
"GRH","GreenHunter Resources, Inc.","0.99","33120379.71","n/a","n/a","Basic Industries","Major Chemicals","http://www.nasdaq.com/symbol/grh",
"GRH^C","GreenHunter Resources, Inc.","18","0","n/a","n/a","n/a","n/a","http://www.nasdaq.com/symbol/grh^c",
"SIM","Grupo Simec, S.A. de C.V.","11.69","1939406899.99","n/a","1993","Basic Industries","Steel/Iron Ore","http://www.nasdaq.com/symbol/sim",
"GVP","GSE Systems, Inc.","1.43","25822972.89","n/a","n/a","Technology","Computer Software: Prepackaged Software","http://www.nasdaq.com/symbol/gvp",
"HWG","Hallwood Group Incorporated","9.55","14565335.3","n/a","n/a","Basic Industries","Textiles","http://www.nasdaq.com/symbol/hwg",
"HEB","Hemispherx BioPharma, Inc.","0.236","39505733.536","n/a","n/a","Health Care","Biotechnology: Biological Products (No Diagnostic Substances)","http://www.nasdaq.com/symbol/heb",
"HLM^","Hillman Group Capital Trust","29.178","0","n/a","n/a","n/a","n/a","http://www.nasdaq.com/symbol/hlm^",
"HMG","HMG/Courtland Properties, Inc.","19.4","20058164.4","n/a","n/a","Consumer Services","Real Estate Investment Trusts","http://www.nasdaq.com/symbol/hmg",
"HH","Hooper Holmes, Inc.","0.38","26548847.06","n/a","n/a","Health Care","Hospital/Nursing Management","http://www.nasdaq.com/symbol/hh",
"HUSA","Houston American Energy Corporation","0.32","16697614.4","n/a","n/a","Energy","Oil & Gas Production","http://www.nasdaq.com/symbol/husa",
"IBIO","iBio, Inc.","0.4655","26390170.2225","n/a","n/a","Health Care","Major Pharmaceuticals","http://www.nasdaq.com/symbol/ibio",
"IBO","IBO (Listing Market - NYSE Amex Network B F)","2","0","n/a","n/a","n/a","n/a","http://www.nasdaq.com/symbol/ibo",
"IEC","IEC Electronics Corp.","3.6","35968647.6","n/a","n/a","Technology","Electrical Products","http://www.nasdaq.com/symbol/iec",
"IG","IGI Laboratories, Inc.","1.67","72229863.05","n/a","n/a","Health Care","Biotechnology: Biological Products (No Diagnostic Substances)","http://www.nasdaq.com/symbol/ig",
"IMUC","ImmunoCellular Therapeutics, Ltd.","2.84","155050095.36","n/a","n/a","Health Care","Major Pharmaceuticals","http://www.nasdaq.com/symbol/imuc",
"IMH","Impac Mortgage Holdings, Inc.","9.79","85813246.42","n/a","1995","Consumer Services","Real Estate Investment Trusts","http://www.nasdaq.com/symbol/imh",
"IMO","Imperial Oil Limited","41.39","35082123065.29","n/a","n/a","Energy","Integrated oil Companies","http://www.nasdaq.com/symbol/imo",
"IOT","Income Opportunity Realty Investors, Inc.","5.37","22383309.18","n/a","n/a","Consumer Services","Real Estate Investment Trusts","http://www.nasdaq.com/symbol/iot",
"IRT","Independence Realty Trust, Inc.","8.3","46841382","n/a","n/a","n/a","n/a","http://www.nasdaq.com/symbol/irt",
"IGC","India Globalization Capital Inc.","1.25","8818122.5","n/a","1987","Basic Industries","Precious Metals","http://www.nasdaq.com/symbol/igc",
"IGC/WS","India Globalization Capital Inc.","0.0175","0","n/a","n/a","n/a","n/a","http://www.nasdaq.com/symbol/igc/ws",
"INFU","InfuSystems Holdings, Inc.","1.4199","31083089.1159","n/a","1992","Health Care","Medical/Dental Instruments","http://www.nasdaq.com/symbol/infu",
"IHT","InnSuites Hospitality Trust","1.5114","13931435.298","n/a","n/a","Consumer Services","Real Estate Investment Trusts","http://www.nasdaq.com/symbol/iht",
"INO","Inovio Pharmaceuticals, Inc.","1.36","258268686.56","n/a","n/a","Health Care","Medical/Dental Instruments","http://www.nasdaq.com/symbol/ino",
"NSPR","InspireMD, Inc.","2.23","76526606.72","n/a","n/a","Health Care","Medical/Dental Instruments","http://www.nasdaq.com/symbol/nspr",
"IFMI","Institutional Financial Markets, Inc.","1.95","23834198.7","n/a","n/a","Finance","Investment Bankers/Brokers/Service","http://www.nasdaq.com/symbol/ifmi",
"IDN","Intellicheck Mobilisa, Inc.","0.65","18133353.55","n/a","1999","Technology","Computer Software: Prepackaged Software","http://www.nasdaq.com/symbol/idn",
"INS","Intelligent Systems Corporation","1.39","12451658.92","n/a","1992","Capital Goods","Metal Fabrications","http://www.nasdaq.com/symbol/ins",
"THM","International Tower Hill Mines Ltd","0.7662","75140190.4356","n/a","1984","Basic Industries","Precious Metals","http://www.nasdaq.com/symbol/thm",
"INUV","Inuvo, Inc","1.19","27716846.92","n/a","n/a","Consumer Services","Advertising","http://www.nasdaq.com/symbol/inuv",
"VKI","Invesco Advantage Municipal Income Trust II","10.15","450466652.65","n/a","n/a","n/a","n/a","http://www.nasdaq.com/symbol/vki",
"ICH","Investors Capital Holdings, Ltd.","4.97","35270713.31","n/a","1997","Finance","Finance/Investors Services","http://www.nasdaq.com/symbol/ich",
"ISR","IsoRay, Inc.","0.7855","27187346.6035","n/a","n/a","Health Care","Medical/Dental Instruments","http://www.nasdaq.com/symbol/isr",
"ITI","Iteris, Inc.","1.83","59420705.73","n/a","n/a","Consumer Durables","Telecommunications Equipment","http://www.nasdaq.com/symbol/iti",
"LTS","Ladenburg Thalmann Financial Services Inc","1.87","342749008.8","n/a","n/a","Finance","Investment Bankers/Brokers/Service","http://www.nasdaq.com/symbol/lts",
"LTS^A","Ladenburg Thalmann Financial Services Inc","24.38","0","n/a","n/a","n/a","n/a","http://www.nasdaq.com/symbol/lts^a",
"LSG","Lake Shore Gold Corp","0.47","195811505.28","n/a","n/a","Basic Industries","Precious Metals","http://www.nasdaq.com/symbol/lsg",
"LCI","Lannett Co Inc","13.4","384361379","n/a","n/a","Health Care","Major Pharmaceuticals","http://www.nasdaq.com/symbol/lci",
"LAQ","Latin America Equity Fund, Inc. (The)","30.66","228371531.22","n/a","1991","n/a","n/a","http://www.nasdaq.com/symbol/laq",
"LGL","LGL Group, Inc. (The)","5.627","14608845.535","n/a","n/a","Capital Goods","Industrial Machinery/Components","http://www.nasdaq.com/symbol/lgl",
"LGL/WS","LGL Group, Inc. (The)","0.08","0","n/a","n/a","n/a","n/a","http://www.nasdaq.com/symbol/lgl/ws",
"LBY","Libbey, Inc.","22.95","487366911.45","n/a","1993","Capital Goods","Industrial Machinery/Components","http://www.nasdaq.com/symbol/lby",
"LON","Loncor Resources Inc.","0.185","13586350.42","n/a","n/a","Basic Industries","Precious Metals","http://www.nasdaq.com/symbol/lon",
"LEI","Lucas Energy, Inc.","1.28","34456853.76","n/a","n/a","Energy","Oil & Gas Production","http://www.nasdaq.com/symbol/lei",
"MCZ","Mad Catz Interactive Inc","0.552","35039524.248","n/a","n/a","Consumer Non-Durables","Recreational Products/Toys","http://www.nasdaq.com/symbol/mcz",
"MVG","Mag Silver Corporation","7","420992026","n/a","n/a","Basic Industries","Precious Metals","http://www.nasdaq.com/symbol/mvg",
"MHR^C","Magnum Hunter Resources Corporation","24.99","0","n/a","n/a","n/a","n/a","http://www.nasdaq.com/symbol/mhr^c",
"MHR^D","Magnum Hunter Resources Corporation","45.6999","0","n/a","n/a","n/a","n/a","http://www.nasdaq.com/symbol/mhr^d",
"MHR^E","Magnum Hunter Resources Corporation","24.55","0","n/a","n/a","n/a","n/a","http://www.nasdaq.com/symbol/mhr^e",
"MSTX","Mast Therapeutics, Inc.","0.415","42624768.69","n/a","n/a","Health Care","Major Pharmaceuticals","http://www.nasdaq.com/symbol/mstx",
"MHH","Mastech Holdings, Inc","10.58","35395866.1","n/a","n/a","Consumer Services","Professional Services","http://www.nasdaq.com/symbol/mhh",
"MDGN","Medgenics, Inc.","4.28","79099998.24","n/a","n/a","Health Care","Biotechnology: Biological Products (No Diagnostic Substances)","http://www.nasdaq.com/symbol/mdgn",
"MDGN/WS","Medgenics, Inc.","1.35","0","n/a","n/a","n/a","n/a","http://www.nasdaq.com/symbol/mdgn/ws",
"MEET","MeetMe, Inc.","1.67","63745965.79","n/a","n/a","Consumer Services","Advertising","http://www.nasdaq.com/symbol/meet",
"IPB","Merrill Lynch & Co., Inc.","24.4","0","n/a","n/a","Finance","Finance: Consumer Services","http://www.nasdaq.com/symbol/ipb",
"MEA","Metalico Inc","1.36","65333420.8","n/a","n/a","Basic Industries","Metal Fabrications","http://www.nasdaq.com/symbol/mea",
"MXC","Mexco Energy Corporation","7","14258062","n/a","1972","Energy","Oil & Gas Production","http://www.nasdaq.com/symbol/mxc",
"CCA","MFS California Insured Municipal Trust","9.65","26887196.7","n/a","1984","n/a","n/a","http://www.nasdaq.com/symbol/cca",
"MGT","MGT Capital Investments Inc","4.1","26050768.6","n/a","n/a","Miscellaneous","Multi-Sector Companies","http://www.nasdaq.com/symbol/mgt",
"BKR","Michael Baker Corporation","40.47","391937016.57","n/a","n/a","Consumer Services","Other Consumer Services","http://www.nasdaq.com/symbol/bkr",
"MSL","MidSouth Bancorp","15.87","178588537.92","n/a","n/a","Finance","Major Banks","http://www.nasdaq.com/symbol/msl",
"MDW","Midway Gold Corporation","1.1","142580050.8","n/a","n/a","Basic Industries","Precious Metals","http://www.nasdaq.com/symbol/mdw",
"MGH","Minco Gold Corporation","0.27","13602523.05","n/a","n/a","Basic Industries","Precious Metals","http://www.nasdaq.com/symbol/mgh",
"MGN","Mines Management, Inc.","0.8","23199801.6","n/a","1985","Basic Industries","Precious Metals","http://www.nasdaq.com/symbol/mgn",
"MXA","Minnesota Municipal Income Portfolio Inc.","14.7428","61134602.7004","n/a","1993","n/a","n/a","http://www.nasdaq.com/symbol/mxa",
"MDM","Mountain Province Diamonds Inc.","5.12","482140933.12","n/a","n/a","Basic Industries","Precious Metals","http://www.nasdaq.com/symbol/mdm",
"MVF","MuniVest Fund, Inc.","8.73","10132445769.57","n/a","1993","n/a","n/a","http://www.nasdaq.com/symbol/mvf",
"MZA","MuniYield Arizona Fund, Inc.","12.9645","15047204258.8305","n/a","1993","n/a","n/a","http://www.nasdaq.com/symbol/mza",
"NHC","National HealthCare Corporation","46.82","658544322.18","n/a","n/a","Health Care","Hospital/Nursing Management","http://www.nasdaq.com/symbol/nhc",
"NHC^A","National HealthCare Corporation","14.5499","0","n/a","n/a","n/a","n/a","http://www.nasdaq.com/symbol/nhc^a",
"NAVB","Navidea Biopharmaceuticals, Inc.","2.84","344987463.56","n/a","n/a","Health Care","Biotechnology: In Vitro & In Vivo Diagnostic Substances","http://www.nasdaq.com/symbol/navb",
"NBW","Neuberger Berman California Intermediate Municipal Fund Inc.","13.6","75244230.4","n/a","2002","n/a","n/a","http://www.nasdaq.com/symbol/nbw",
"NHS","Neuberger Berman High Yield Strategies Fund","12.6","246211358.4","n/a","n/a","n/a","n/a","http://www.nasdaq.com/symbol/nhs",
"NBH","Neuberger Berman Intermediate Municipal Fund Inc.","13.2","247660432.8","n/a","2002","n/a","n/a","http://www.nasdaq.com/symbol/nbh",
"NML","Neuberger Berman MLP Income Fund Inc.","18.39","1039201686.96","n/a","n/a","n/a","n/a","http://www.nasdaq.com/symbol/nml",
"NBO","Neuberger Berman New York Intermediate Municipal Fund Inc.","12.34","62630645.78","n/a","2002","n/a","n/a","http://www.nasdaq.com/symbol/nbo",
"NRO","Neuberger Berman Real Estate Securities Income Fund, Inc.","4.25","237098345.5","n/a","2003","n/a","n/a","http://www.nasdaq.com/symbol/nro",
"CUR","Neuralstem, Inc.","1.55","111055900.4","n/a","1973","Health Care","Biotechnology: Biological Products (No Diagnostic Substances)","http://www.nasdaq.com/symbol/cur",
"UWN","Nevada Gold & Casinos, Inc.","1.19","19159659.26","n/a","n/a","Consumer Services","Services-Misc. Amusement & Recreation","http://www.nasdaq.com/symbol/uwn",
"NSU","Nevsun Resources Ltd","3.32","661701945.8","n/a","n/a","Basic Industries","Precious Metals","http://www.nasdaq.com/symbol/nsu",
"GBR","New Concept Energy, Inc","1.2056","2347224.836","n/a","n/a","Energy","Oil & Gas Production","http://www.nasdaq.com/symbol/gbr",
"NEN","New England Realty Associates Limited Partnership","45.52","5860244.8","n/a","n/a","Consumer Services","Building operators","http://www.nasdaq.com/symbol/nen",
"NGD","NEW GOLD INC.","7.49","3762835622.42","n/a","n/a","Basic Industries","Precious Metals","http://www.nasdaq.com/symbol/ngd",
"PAL","North American Palladium, Ltd.","1.11","218427327.36","n/a","2000","Basic Industries","Precious Metals","http://www.nasdaq.com/symbol/pal",
"NAK","Northern Dynasty Minerals, Ltd.","2.18","207121503.52","n/a","n/a","Basic Industries","Precious Metals","http://www.nasdaq.com/symbol/nak",
"NOG","Northern Oil and Gas, Inc.","12.34","787395100.7","n/a","n/a","Energy","Oil & Gas Production","http://www.nasdaq.com/symbol/nog",
"NBY","NovaBay Pharmaceuticals, Inc.","1.37","51268023.55","n/a","2007","Health Care","Major Pharmaceuticals","http://www.nasdaq.com/symbol/nby",
"NCQ","NovaCopper Inc.","1.93","102320102.21","n/a","n/a","Basic Industries","Precious Metals","http://www.nasdaq.com/symbol/ncq",
"NG","Novagold Resources Inc.","3.08","975279274.2","n/a","n/a","Basic Industries","Precious Metals","http://www.nasdaq.com/symbol/ng",
"NTN","NTN Buzztime, Inc.","0.3711","26617217.6379","n/a","n/a","Consumer Services","Broadcasting","http://www.nasdaq.com/symbol/ntn",
"NLP","NTS Realty Holdings Limited Partnership","7.2","79885972.8","n/a","n/a","Consumer Services","Real Estate Investment Trusts","http://www.nasdaq.com/symbol/nlp",
"NTS","NTS, Inc.","1.7","70488594.3","n/a","n/a","Consumer Services","Telecommunications Equipment","http://www.nasdaq.com/symbol/nts",
"NEA","Nuveen AMT-Free Municipal Income Fund","12.11","955274062.47","n/a","2002","n/a","n/a","http://www.nasdaq.com/symbol/nea",
"NAZ^C","Nuveen Arizona Premium Income Municipal Fund","10","0","n/a","n/a","n/a","n/a","http://www.nasdaq.com/symbol/naz^c",
"NKX","Nuveen California AMT-Free Municipal Income Fund","11.88","497103880.68","n/a","2002","n/a","n/a","http://www.nasdaq.com/symbol/nkx",
"NVX","Nuveen California Dividend Advantage Municipal Fund 2","12.24","180578433.6","n/a","2001","n/a","n/a","http://www.nasdaq.com/symbol/nvx",
"NZH","Nuveen California Dividend Advantage Municipal Fund 3","11.26","271950213.84","n/a","n/a","n/a","n/a","http://www.nasdaq.com/symbol/nzh",
"NCB","Nuveen California Municipal Value Fund 2","14.13","46458027","n/a","n/a","n/a","n/a","http://www.nasdaq.com/symbol/ncb",
"NCU","Nuveen California Premium Income Municipal Fund","12.46","71431248.7","n/a","1993","n/a","n/a","http://www.nasdaq.com/symbol/ncu",
"CFD","Nuveen Diversified Commodity Fund","16.62","153223768.8","n/a","1998","Finance","Investment Bankers/Brokers/Service","http://www.nasdaq.com/symbol/cfd",
"NXZ","Nuveen Dividend Advantage Municipal Fund 2","12.25","361110534.75","n/a","2001","n/a","n/a","http://www.nasdaq.com/symbol/nxz",
"NZF","Nuveen Dividend Advantage Municipal Fund 3","11.94","482376334.32","n/a","2007","n/a","n/a","http://www.nasdaq.com/symbol/nzf",
"NVG","Nuveen Dividend Advantage Municipal Income Fund","12.05","359124945","n/a","2002","n/a","n/a","http://www.nasdaq.com/symbol/nvg",
"NKG","Nuveen Georgia Dividend Advantage Municipal Fund 2","11.708","123498864.168","n/a","2002","n/a","n/a","http://www.nasdaq.com/symbol/nkg",
"NKG^E","Nuveen Georgia Dividend Advantage Municipal Fund 2","10.01","0","n/a","n/a","n/a","n/a","http://www.nasdaq.com/symbol/nkg^e",
"CTF","Nuveen Long/Short Commodity Total Return Fund","17.76","333734198.4","n/a","1986","Finance","Investment Bankers/Brokers/Service","http://www.nasdaq.com/symbol/ctf",
"NGX","Nuveen Massachusetts AMT-Free Municipal Income Fund","12.57","34282374.69","n/a","2002","n/a","n/a","http://www.nasdaq.com/symbol/ngx",
"NMB","Nuveen Massachusetts Dividend Advantage Municipal Fund","13.49","26519397.44","n/a","2001","n/a","n/a","http://www.nasdaq.com/symbol/nmb",
"NMB^C","Nuveen Massachusetts Dividend Advantage Municipal Fund","10.03","0","n/a","n/a","n/a","n/a","http://www.nasdaq.com/symbol/nmb^c",
"NUM^C","Nuveen Michigan Quality Income Municipal Fund","10","0","n/a","n/a","n/a","n/a","http://www.nasdaq.com/symbol/num^c",
"NOM","Nuveen Missouri Premium Income Municipal Fund","12.94","30088696.18","n/a","1993","n/a","n/a","http://www.nasdaq.com/symbol/nom",
"NMZ","Nuveen Municipal High Income Opportunity Fund","10.9","343602117","n/a","2003","n/a","n/a","http://www.nasdaq.com/symbol/nmz",
"NXJ","Nuveen New Jersey Dividend Advantage Municipal Fund","12.05","79176790.4","n/a","2001","n/a","n/a","http://www.nasdaq.com/symbol/nxj",
"NUJ","Nuveen New Jersey Dividend Advantage Municipal Fund 2","11.69","52920793.66","n/a","2002","n/a","n/a","http://www.nasdaq.com/symbol/nuj",
"NJV","Nuveen New Jersey Municipal Value Fund","13.55","21206237.8","n/a","n/a","n/a","n/a","http://www.nasdaq.com/symbol/njv",
"NRK","Nuveen New York AMT-Free Municipal Income Fund","11.89","1041784012.56","n/a","2002","n/a","n/a","http://www.nasdaq.com/symbol/nrk",
"NXK","Nuveen New York Dividend Advantage Municipal Fund 2","12.43","80652253.88","n/a","2001","n/a","n/a","http://www.nasdaq.com/symbol/nxk",
"NYV","Nuveen New York Municipal Value Fund 2","13.21","31038374.52","n/a","2009","n/a","n/a","http://www.nasdaq.com/symbol/nyv",
"NUO^A","Nuveen Ohio Quality Income Municipal Fund","9.9","0","n/a","n/a","n/a","n/a","http://www.nasdaq.com/symbol/nuo^a",
"NUO^D","Nuveen Ohio Quality Income Municipal Fund","10.04","0","n/a","n/a","n/a","n/a","http://www.nasdaq.com/symbol/nuo^d",
"NXM","Nuveen Pennsylvania Dividend Advantage Municipal Fund","11.8832","39475800.2688","n/a","2001","n/a","n/a","http://www.nasdaq.com/symbol/nxm",
"NVY","Nuveen Pennsylvania Dividend Advantage Municipal Fund 2","11.6052","43247497.3224","n/a","2002","n/a","n/a","http://www.nasdaq.com/symbol/nvy",
"NPN","Nuveen Pennsylvania Municipal Value Fund","13.21","16107639.92","n/a","1992","n/a","n/a","http://www.nasdaq.com/symbol/npn",
"JRS","Nuveen Real Estate Fund","10.11","289301441.25","n/a","2001","n/a","n/a","http://www.nasdaq.com/symbol/jrs",
"OGEN","Oragenics, Inc.","3.05","83917944","n/a","n/a","Health Care","Major Pharmaceuticals","http://www.nasdaq.com/symbol/ogen",
"OBT","Orbital Corporation Limited","2.942","8958843.068","n/a","n/a","Capital Goods","Auto Parts:O.E.M.","http://www.nasdaq.com/symbol/obt",
"ORC","Orchid Island Capital, Inc.","11.15","37259564.75","n/a","n/a","Consumer Services","Real Estate Investment Trusts","http://www.nasdaq.com/symbol/orc",
"TIS","Orchids Paper Products Company","27.85","221385916.25","n/a","2005","Basic Industries","Paper","http://www.nasdaq.com/symbol/tis",
"ONVO","Organovo Holdings, Inc.","6.1","466693120.9","n/a","n/a","Health Care","Biotechnology: Biological Products (No Diagnostic Substances)","http://www.nasdaq.com/symbol/onvo",
"ONP","Orient Paper, Inc.","1.78","32853282","n/a","n/a","Consumer Durables","Containers/Packaging","http://www.nasdaq.com/symbol/onp",
"OESX","Orion Energy Systems, Inc.","3.47","73153429.6","n/a","2007","Consumer Durables","Building Products","http://www.nasdaq.com/symbol/oesx",
"ORM","Owens Realty Mortgage, Inc.","10","111981190","n/a","n/a","Consumer Services","Real Estate Investment Trusts","http://www.nasdaq.com/symbol/orm",
"PHF","Pacholder High Yield Fund, Inc.","8.4","109093546.8","n/a","1988","n/a","n/a","http://www.nasdaq.com/symbol/phf",
"PBM","Pacific Booker Minerals Inc","4.76","58817125.64","n/a","n/a","Basic Industries","Precious Metals","http://www.nasdaq.com/symbol/pbm",
"PCG^A","Pacific Gas & Electric Co.","27.17","0","n/a","n/a","n/a","n/a","http://www.nasdaq.com/symbol/pcg^a",
"PCG^B","Pacific Gas & Electric Co.","26.14","0","n/a","n/a","n/a","n/a","http://www.nasdaq.com/symbol/pcg^b",
"PCG^C","Pacific Gas & Electric Co.","24.744","0","n/a","n/a","n/a","n/a","http://www.nasdaq.com/symbol/pcg^c",
"PCG^D","Pacific Gas & Electric Co.","24.03","0","n/a","n/a","n/a","n/a","http://www.nasdaq.com/symbol/pcg^d",
"PCG^E","Pacific Gas & Electric Co.","24.3","0","n/a","n/a","n/a","n/a","http://www.nasdaq.com/symbol/pcg^e",
"PCG^G","Pacific Gas & Electric Co.","24","0","n/a","n/a","n/a","n/a","http://www.nasdaq.com/symbol/pcg^g",
"PCG^H","Pacific Gas & Electric Co.","22.25","0","n/a","n/a","n/a","n/a","http://www.nasdaq.com/symbol/pcg^h",
"PCG^I","Pacific Gas & Electric Co.","21.42","0","n/a","n/a","n/a","n/a","http://www.nasdaq.com/symbol/pcg^i",
"PTN","Palatin Technologies, Inc.","0.6401","24930558.4712","n/a","1997","Health Care","Major Pharmaceuticals","http://www.nasdaq.com/symbol/ptn",
"PZG","Paramount Gold and Silver Corp.","1.53","238268534.04","n/a","n/a","Basic Industries","Precious Metals","http://www.nasdaq.com/symbol/pzg",
"PCYG","Park City Group, Inc.","6.64","107044880.88","n/a","n/a","Technology","EDP Services","http://www.nasdaq.com/symbol/pcyg",
"PRK","Park National Corporation","79.96","1232341361.08","n/a","n/a","Finance","Major Banks","http://www.nasdaq.com/symbol/prk",
"PIP","PharmAthene, Inc","1.82","95205861.66","n/a","1973","Health Care","Major Pharmaceuticals","http://www.nasdaq.com/symbol/pip",
"HNW","Pioneer Diversified High Income Trust","19.299","160091149.092","n/a","2007","n/a","n/a","http://www.nasdaq.com/symbol/hnw",
"PLG","Platinum Group Metals Ltd.","1.05","422897519.1","n/a","1989","Basic Industries","Precious Metals","http://www.nasdaq.com/symbol/plg",
"PCC","PMC Commercial Trust","9.2","97485224","n/a","1993","Consumer Services","Real Estate Investment Trusts","http://www.nasdaq.com/symbol/pcc",
"PLM","Polymet Mining Corp.","0.8","219968859.2","n/a","n/a","Basic Industries","Precious Metals","http://www.nasdaq.com/symbol/plm",
"PW","Power REIT","8.3","13721975","n/a","n/a","Consumer Services","Real Estate Investment Trusts","http://www.nasdaq.com/symbol/pw",
"APTS","Preferred Apartment Communities, Inc.","8.7","96035706.9","n/a","n/a","Consumer Services","Real Estate Investment Trusts","http://www.nasdaq.com/symbol/apts",
"PBTH","PROLOR Biotech, Inc.","7.73","493598245.59","n/a","n/a","Health Care","Major Pharmaceuticals","http://www.nasdaq.com/symbol/pbth",
"PLX","Protalix BioTherapeutics, Inc.","5.06","473299041.6","n/a","n/a","Health Care","Biotechnology: Biological Products (No Diagnostic Substances)","http://www.nasdaq.com/symbol/plx",
"PDO","Pyramid Oil Co","4.63","21705833.55","n/a","n/a","Energy","Oil & Gas Production","http://www.nasdaq.com/symbol/pdo",
"QMM","Quaterra Resources Inc","0.134","21840772.024","n/a","n/a","Basic Industries","Precious Metals","http://www.nasdaq.com/symbol/qmm",
"QRM","Quest Rare Minerals Ltd","0.6236","41929020.6384","n/a","n/a","Basic Industries","Precious Metals","http://www.nasdaq.com/symbol/qrm",
"RLGT","Radiant Logistics, Inc.","1.9","63361515.4","n/a","n/a","Transportation","Oil Refining/Marketing","http://www.nasdaq.com/symbol/rlgt",
"REE","Rare Element Resources Ltd.","2.13","95743220.97","n/a","1992","Basic Industries","Precious Metals","http://www.nasdaq.com/symbol/ree",
"UTG","Reaves Utility Income Fund","24","696343056","n/a","2004","n/a","n/a","http://www.nasdaq.com/symbol/utg",
"REED","Reeds, Inc.","5.14","65413824.5","n/a","1986","Consumer Non-Durables","Beverages (Production/Distribution)","http://www.nasdaq.com/symbol/reed",
"RWC","RELM Wireless Corporation","2.71","36803076.41","n/a","n/a","Technology","Radio And Television Broadcasting And Communications Equipment","http://www.nasdaq.com/symbol/rwc",
"RCG","Renaissance Capital Growth & Income Fund III, Inc.","1.35","6026355.45","n/a","n/a","n/a","n/a","http://www.nasdaq.com/symbol/rcg",
"RVP","Retractable Technologies, Inc.","1.6276","43557896.304","n/a","n/a","Health Care","Medical/Dental Instruments","http://www.nasdaq.com/symbol/rvp",
"RVM","Revett Minerals Inc.","0.87","30098856.69","n/a","n/a","Basic Industries","Precious Metals","http://www.nasdaq.com/symbol/rvm",
"RNN","Rexahn Pharmaceuticals, Inc.","0.4699","63069009.5361","n/a","n/a","Health Care","Major Pharmaceuticals","http://www.nasdaq.com/symbol/rnn",
"RIC","Richmont Mines, Inc.","1.76","69689141.28","n/a","n/a","Basic Industries","Precious Metals","http://www.nasdaq.com/symbol/ric",
"RIF","RMR Real Estate Income Fund.","17.22","131758950.54","n/a","2002","n/a","n/a","http://www.nasdaq.com/symbol/rif",
"RPI","Roberts Realty Investors, Inc.","1","10671684","n/a","n/a","Consumer Services","Real Estate Investment Trusts","http://www.nasdaq.com/symbol/rpi",
"RBY","Rubicon Minerals Corp","1.66","479082810.98","n/a","n/a","Basic Industries","Precious Metals","http://www.nasdaq.com/symbol/rby",
"SGA","Saga Communications, Inc.","46.69","265393056.88","n/a","1992","Consumer Services","Broadcasting","http://www.nasdaq.com/symbol/sga",
"SSN","Samson Oil & Gas Limited","0.58","61330123.36","n/a","n/a","Energy","Oil & Gas Production","http://www.nasdaq.com/symbol/ssn",
"SDO^A","San Diego Gas & Electric Company","21.5","0","n/a","n/a","n/a","n/a","http://www.nasdaq.com/symbol/sdo^a",
"SDO^B","San Diego Gas & Electric Company","21.37","0","n/a","n/a","n/a","n/a","http://www.nasdaq.com/symbol/sdo^b",
"SDO^C","San Diego Gas & Electric Company","19.96","0","n/a","n/a","n/a","n/a","http://www.nasdaq.com/symbol/sdo^c",
"SDO^H","San Diego Gas & Electric Company","27.41","0","n/a","n/a","n/a","n/a","http://www.nasdaq.com/symbol/sdo^h",
"SAND          ","Sandstorm Gold Ltd","6.42","600112928.28","n/a","n/a","Basic Industries","Precious Metals","http://www.nasdaq.com/symbol/sand          ",
"SARA","Saratoga Resources Inc","1.52","47031233.52","n/a","n/a","Energy","Oil & Gas Production","http://www.nasdaq.com/symbol/sara",
"SEB","Seaboard Corporation","2719.04","3240652476.48","n/a","1996","Finance","Investment Bankers/Brokers/Service","http://www.nasdaq.com/symbol/seb",
"SED","SED International Holdings Inc","1.86","9607830","n/a","n/a","Technology","Retail: Computer Software & Peripheral Equipment","http://www.nasdaq.com/symbol/sed",
"SVT","Servotronics, Inc.","8.5","21489139","n/a","n/a","Capital Goods","Industrial Machinery/Components","http://www.nasdaq.com/symbol/svt",
"SIF","SIFCO Industries, Inc.","19.45","104515080.7","n/a","n/a","Capital Goods","Aerospace","http://www.nasdaq.com/symbol/sif",
"SVBL","Silver Bull Resources, Inc.","0.345","54880066.665","n/a","n/a","Basic Industries","Precious Metals","http://www.nasdaq.com/symbol/svbl",
"SVLC","SilverCrest Mines, Inc.","1.79","194650336.95","n/a","n/a","Basic Industries","Precious Metals","http://www.nasdaq.com/symbol/svlc",
"WWZ^K","SiM Internal Test 10","n/a","0","n/a","n/a","n/a","n/a","http://www.nasdaq.com/symbol/wwz^k",
"MMZ^K","SiM Internal Test 6","n/a","0","n/a","n/a","n/a","n/a","http://www.nasdaq.com/symbol/mmz^k",
"OOZ^K","SiM Internal Test 7","n/a","0","n/a","n/a","n/a","n/a","http://www.nasdaq.com/symbol/ooz^k",
"QQZ^K","SiM Internal Test 8","n/a","0","n/a","n/a","n/a","n/a","http://www.nasdaq.com/symbol/qqz^k",
"SS^K","SiM Internal Test 9","n/a","0","n/a","n/a","n/a","n/a","http://www.nasdaq.com/symbol/ss^k",
"SLI","SL Industries, Inc.","24.28","100470640","n/a","n/a","Capital Goods","Industrial Machinery/Components","http://www.nasdaq.com/symbol/sli",
"ZXX","SM Listed Test 3","n/a","0","n/a","n/a","n/a","n/a","http://www.nasdaq.com/symbol/zxx",
"ZXX^F","SM Listed Test 3","n/a","0","n/a","n/a","n/a","n/a","http://www.nasdaq.com/symbol/zxx^f",
"XPL","Solitario Exploration & Royalty Corp","1.01","37505693.5","n/a","n/a","Basic Industries","Precious Metals","http://www.nasdaq.com/symbol/xpl",
"SOQ","Sonde Resources Corp","0.7473","46557870.5958","n/a","n/a","Energy","Oil & Gas Production","http://www.nasdaq.com/symbol/soq",
"SCE^B","Southern California Edison Company","20.33","0","n/a","n/a","n/a","n/a","http://www.nasdaq.com/symbol/sce^b",
"SCE^C","Southern California Edison Company","20.5","0","n/a","n/a","n/a","n/a","http://www.nasdaq.com/symbol/sce^c",
"SCE^D","Southern California Edison Company","22","0","n/a","n/a","n/a","n/a","http://www.nasdaq.com/symbol/sce^d",
"SCE^E","Southern California Edison Company","23.4","0","n/a","n/a","n/a","n/a","http://www.nasdaq.com/symbol/sce^e",
"SGB","Southwest Georgia Financial Corporation","10.45","26624896.65","n/a","n/a","Finance","Major Banks","http://www.nasdaq.com/symbol/sgb",
"LOV","Spark Networks, Inc.","6.96","165336560.88","n/a","n/a","Miscellaneous","Business Services","http://www.nasdaq.com/symbol/lov",
"STRP","Straight Path Communications Inc.","5.11","0","n/a","n/a","Public Utilities","Telecommunications Equipment","http://www.nasdaq.com/symbol/strp",
"SSY","SunLink Health Systems, Inc.","0.85","8026896.8","n/a","n/a","Health Care","Hospital/Nursing Management","http://www.nasdaq.com/symbol/ssy",
"STS","Supreme Industries, Inc.","5.3","86318508.3","n/a","n/a","Capital Goods","Construction/Ag Equipment/Trucks","http://www.nasdaq.com/symbol/sts",
"SYRG","Synergy Resources Corporation","7.33","505222668.9","n/a","n/a","Energy","Oil & Gas Production","http://www.nasdaq.com/symbol/syrg",
"SYN","Synthetic Biologics, Inc","1.44","64302356.16","n/a","n/a","Health Care","Major Pharmaceuticals","http://www.nasdaq.com/symbol/syn",
"TRX","Tanzanian Royalty Exploration Corporation","3.75","378452985","n/a","2005","Basic Industries","Precious Metals","http://www.nasdaq.com/symbol/trx",
"TGB","Taseko Mines Limited","2.08","400528034.4","n/a","n/a","Basic Industries","Precious Metals","http://www.nasdaq.com/symbol/tgb",
"TAS","Tasman Metals Ltd","0.86","52331844.52","n/a","n/a","Basic Industries","Precious Metals","http://www.nasdaq.com/symbol/tas",
"TSH","Teche Holding Company","45.09","91717478.82","n/a","n/a","Finance","Major Banks","http://www.nasdaq.com/symbol/tsh",
"TRC/WS$","Tejon Ranch Co","n/a","0","n/a","n/a","n/a","n/a","http://www.nasdaq.com/symbol/trc/ws$",
"TIK","Tel-Instrument Electronics Corp.","3.76","12194007.12","n/a","n/a","Capital Goods","Electrical Products","http://www.nasdaq.com/symbol/tik",
"TGC","Tengasco, Inc.","0.475","28900146.175","n/a","n/a","Energy","Oil & Gas Production","http://www.nasdaq.com/symbol/tgc",
"GLU","The Gabelli Global Utility and Income Trust","19.43","60180228.12","n/a","2004","n/a","n/a","http://www.nasdaq.com/symbol/glu",
"GLU^A","The Gabelli Global Utility and Income Trust","51.15","0","n/a","n/a","n/a","n/a","http://www.nasdaq.com/symbol/glu^a",
"TXMD","TherapeuticsMD, Inc.","2.15","282107317.9","n/a","n/a","Health Care","Major Pharmaceuticals","http://www.nasdaq.com/symbol/txmd",
"TPI","Tianyin Pharmaceutical Co., Inc.","0.72","21119609.52","n/a","1986","Health Care","Major Pharmaceuticals","http://www.nasdaq.com/symbol/tpi",
"IDI","Tiger Media, Inc.","1.64","52861726.4","n/a","n/a","Consumer Services","Advertising","http://www.nasdaq.com/symbol/idi",
"IDI/WS","Tiger Media, Inc.","0.14","0","n/a","n/a","n/a","n/a","http://www.nasdaq.com/symbol/idi/ws",
"TLR","Timberline Resources Corporation","0.304","16916316.512","n/a","1983","Basic Industries","Precious Metals","http://www.nasdaq.com/symbol/tlr",
"TGD","Timmons Gold Corp","2.14","308500356.3","n/a","n/a","Basic Industries","Precious Metals","http://www.nasdaq.com/symbol/tgd",
"TOF","Tofutti Brands Inc.","2.231","11497918.086","n/a","n/a","Consumer Non-Durables","Specialty Foods","http://www.nasdaq.com/symbol/tof",
"TMP","Tompkins Financial Corporation","44.76","647014752","n/a","n/a","Finance","Major Banks","http://www.nasdaq.com/symbol/tmp",
"TAT","Transatlantic Petroleum Ltd","0.9489","350432995.4517","n/a","n/a","Energy","Oil & Gas Production","http://www.nasdaq.com/symbol/tat",
"TPLM","Triangle Petroleum Corporation","6.43","461788621.18","n/a","n/a","Energy","Oil & Gas Production","http://www.nasdaq.com/symbol/tplm",
"TRT","Trio-Tech International","3.28","10894700.4","n/a","1984","Technology","Industrial Machinery/Components","http://www.nasdaq.com/symbol/trt",
"TCX","Tucows Inc.","2.16","87785614.08","n/a","n/a","Technology","EDP Services","http://www.nasdaq.com/symbol/tcx",
"TWO/WS","Two Harbors Investments Corp","0.44","0","n/a","n/a","n/a","n/a","http://www.nasdaq.com/symbol/two/ws",
"HTM","U.S. Geothermal Inc.","0.4901","49753366.0364","n/a","n/a","Public Utilities","Electric Utilities: Central","http://www.nasdaq.com/symbol/htm",
"UAMY","United States Antimony Corporation","1.26","78903374.76","n/a","n/a","Capital Goods","Metal Fabrications","http://www.nasdaq.com/symbol/uamy",
"UVE","UNIVERSAL INSURANCE HOLDINGS INC","8.11","285209454.97","n/a","n/a","Finance","Property-Casualty Insurers","http://www.nasdaq.com/symbol/uve",
"UPG","Universal Power Group Inc","1.7","8534000","n/a","2006","Consumer Non-Durables","Telecommunications Equipment","http://www.nasdaq.com/symbol/upg",
"UUU","Universal Security Instruments, Inc.","4.95","11325040.65","n/a","n/a","Consumer Non-Durables","Electronic Components","http://www.nasdaq.com/symbol/uuu",
"UQM","UQM TECHNOLOGIES INC","1.09","39472547.14","n/a","n/a","Capital Goods","Industrial Machinery/Components","http://www.nasdaq.com/symbol/uqm",
"URG","Ur Energy Inc","1.07","130934622.42","n/a","n/a","Basic Industries","Precious Metals","http://www.nasdaq.com/symbol/urg",
"URZ","Uranerz Energy Corporation","1.31","101146506.94","n/a","n/a","Basic Industries","Precious Metals","http://www.nasdaq.com/symbol/urz",
"UEC","Uranium Energy Corp.","2.31","197528206.26","n/a","n/a","Basic Industries","Precious Metals","http://www.nasdaq.com/symbol/uec",
"VTG","Vantage Drilling Company","1.73","522670490.83","n/a","n/a","Energy","Oil & Gas Production","http://www.nasdaq.com/symbol/vtg",
"VSB","VantageSouth Bancshares, Inc.","5.5","253213444","n/a","n/a","Finance","Major Banks","http://www.nasdaq.com/symbol/vsb",
"VSR","Versar, Inc.","4.95","47587255.65","n/a","1986","Consumer Services","Military/Government/Technical","http://www.nasdaq.com/symbol/vsr",
"VII","Vicon Industries, Inc.","2.52","11349790.2","n/a","n/a","Consumer Durables","Telecommunications Equipment","http://www.nasdaq.com/symbol/vii",
"VHC","VirnetX Holding Corp","21.03","1076802055.23","n/a","n/a","Miscellaneous","Multi-Sector Companies","http://www.nasdaq.com/symbol/vhc",
"VGZ","Vista Gold Corporation","1.04","85060388.4","n/a","n/a","Basic Industries","Precious Metals","http://www.nasdaq.com/symbol/vgz",
"EAD","Wells Fargo Advantage Income Opportunities Fund","8.71","618261938.71","n/a","2003","n/a","n/a","http://www.nasdaq.com/symbol/ead",
"ERC","Wells Fargo Advantage Multi-Sector Income Fund","13.81","580779550","n/a","2003","n/a","n/a","http://www.nasdaq.com/symbol/erc",
"ERH","Wells Fargo Advantage Utilities and High Income Fund","11.7","108004841.1","n/a","2004","n/a","n/a","http://www.nasdaq.com/symbol/erh",
"WGA","Wells-Gardner Electronics Corporation","1.75","20480250","n/a","n/a","Technology","Radio And Television Broadcasting And Communications Equipment","http://www.nasdaq.com/symbol/wga",
"SBI","Western Asset Intermediate Muni Fund Inc","8.69","122328382.66","n/a","1992","n/a","n/a","http://www.nasdaq.com/symbol/sbi",
"WRN","Western Copper and Gold Corporation","0.625","58552460.625","n/a","1994","Basic Industries","Precious Metals","http://www.nasdaq.com/symbol/wrn",
"WYY","WidePoint Corporation","0.8","51065885.6","n/a","n/a","Technology","EDP Services","http://www.nasdaq.com/symbol/wyy",
"WTT","Wireless Telecom Group,  Inc.","1.77","42361818.87","n/a","n/a","Capital Goods","Electrical Products","http://www.nasdaq.com/symbol/wtt",
"ZBB","ZBB Energy Corporation","0.195","17265066.195","n/a","2007","Public Utilities","Electric Utilities: Central","http://www.nasdaq.com/symbol/zbb",
